round,loss,accuracy
0,1.764371,0.320588
1,1.761990,0.335294
2,1.759436,0.352941
3,1.755619,0.358824
4,1.751692,0.376471
5,1.747819,0.400000
