round,loss,accuracy
0,1.800414,0.131129
1,0.681727,0.779152
2,0.674722,0.835442
3,0.715177,0.850539
4,0.730675,0.849101
5,0.787252,0.845291
6,0.889969,0.839756
7,0.851599,0.846513
8,0.923218,0.851689
9,1.003821,0.863695
10,0.999758,0.856794
11,1.036624,0.846945
12,1.072111,0.843494
13,1.113209,0.854996
14,1.163415,0.860532
15,1.178386,0.856722
16,1.270212,0.850827
17,1.254617,0.858375
18,1.412843,0.847017
19,1.428964,0.857081
20,1.486525,0.846585
